emp_no,first_name,last_name,birth_date,from_date,to_date,title
10095,Hilari,Morton,1965-01-03,1994-03-10,9999-01-01,Senior Staff
10476,Kokou,Iisaka,1965-01-01,1987-09-20,9999-01-01,Senior Staff
10663,Teunis,Noriega,1965-01-09,1999-02-12,9999-01-01,Technique Leader
12408,Rasiah,Sudkamp,1965-01-10,1995-04-18,9999-01-01,Senior Engineer
14075,Denny,Tchuente,1965-01-03,1991-05-30,9999-01-01,Assistant Engineer
14104,Sudhanshu,Demian,1965-01-03,1994-07-23,9999-01-01,Senior Staff
14127,Magdalena,Cannard,1965-01-10,1994-04-22,9999-01-01,Engineer
17206,Berry,DeMori,1965-01-02,1992-12-27,9999-01-01,Engineer
17447,Zengping,Boreale,1965-01-11,1998-12-16,9999-01-01,Staff
17970,Filipp,Carrere,1965-01-06,1989-01-09,9999-01-01,Technique Leader
18021,Adil,Matzke,1965-01-07,1987-05-08,9999-01-01,Engineer
18583,Stafford,Honglei,1965-01-03,1998-08-16,9999-01-01,Staff
18810,Taiji,Jarecki,1965-01-09,1991-06-27,9999-01-01,Engineer
20129,Rafael,Skafidas,1965-01-10,1991-03-28,9999-01-01,Engineer
20248,Vidar,Demri,1965-01-12,1999-12-31,9999-01-01,Staff
21546,Yongmin,Lanteri,1965-01-01,2002-03-19,9999-01-01,Senior Staff
21843,Karsten,Azadmanesh,1965-01-09,1985-11-29,9999-01-01,Senior Engineer
21909,Mohammed,Brizzi,1965-01-04,1991-12-28,9999-01-01,Senior Staff
22455,Barry,Unno,1965-01-06,1990-11-16,9999-01-01,Senior Staff
22926,Manibrata,Genther,1965-01-01,1988-01-15,9999-01-01,Engineer
23396,Hilari,Fairtlough,1965-01-02,1986-12-15,9999-01-01,Technique Leader
24394,Zhonghui,Conta,1965-01-04,1994-09-10,9999-01-01,Staff
24553,Anwar,Passafiume,1965-01-12,1987-01-30,9999-01-01,Senior Staff
28974,Chenxi,Sundgren,1965-01-09,1986-09-02,9999-01-01,Senior Engineer
29130,Xumin,Thorensen,1965-01-06,1998-04-26,9999-01-01,Staff
30035,Tetsushi,Conta,1965-01-08,1995-07-04,9999-01-01,Senior Staff
30484,Sailaja,Chvatal,1965-01-11,1999-05-18,9999-01-01,Staff
30695,Gudjon,Majewski,1965-01-08,1999-10-26,9999-01-01,Senior Engineer
30938,Yakkov,Samarati,1965-01-06,1997-10-10,9999-01-01,Senior Staff
31147,Divine,Sidhu,1965-01-04,1989-07-05,9999-01-01,Senior Staff
31188,Leandro,Gist,1965-01-12,1993-02-03,9999-01-01,Technique Leader
31341,Oksana,Zultner,1965-01-01,1991-03-23,9999-01-01,Senior Staff
31568,Mark,Lalonde,1965-01-10,1996-11-24,9999-01-01,Staff
31909,Murthy,Peek,1965-01-10,2000-10-30,9999-01-01,Engineer
32347,Terresa,Peres,1965-01-08,1990-09-15,9999-01-01,Senior Staff
32649,Ingmar,Nannarelli,1965-01-12,1988-06-10,9999-01-01,Senior Staff
33025,Jessie,Thorelli,1965-01-12,1999-12-16,9999-01-01,Senior Staff
34077,Angel,Sichman,1965-01-08,1988-11-16,9999-01-01,Senior Staff
34261,Kyoichi,Callaway,1965-01-05,1990-12-30,9999-01-01,Senior Staff
34452,Naftaly,Foong,1965-01-08,1991-05-10,9999-01-01,Engineer
34533,Erzsebet,Shigei,1965-01-10,1995-01-16,9999-01-01,Senior Engineer
34936,Bokyung,Stamatiou,1965-01-12,1991-02-12,9999-01-01,Technique Leader
35044,Jiang,Waschkowski,1965-01-04,1989-05-27,9999-01-01,Engineer
35793,Oscar,Kusalik,1965-01-01,1991-05-11,9999-01-01,Senior Staff
36626,Fen,Genin,1965-01-02,1986-05-09,9999-01-01,Senior Staff
36733,Uma,Reinhard,1965-01-04,1997-11-01,9999-01-01,Staff
36844,Hailing,Levergood,1965-01-01,2000-01-12,9999-01-01,Staff
37945,Suzette,Butterworth,1965-01-02,1994-02-19,9999-01-01,Senior Engineer
38043,Michaela,Randi,1965-01-05,1985-11-23,9999-01-01,Engineer
38103,Masasuke,Babu,1965-01-12,1988-03-31,9999-01-01,Engineer
39000,Martijn,Vendrig,1965-01-08,1997-03-03,9999-01-01,Senior Staff
39036,Changho,Cappelli,1965-01-08,1996-05-04,9999-01-01,Staff
39301,Rimon,Kawashima,1965-01-07,1992-02-06,9999-01-01,Senior Staff
39341,Mahmut,Lampe,1965-01-01,1985-05-11,9999-01-01,Engineer
39952,Otmar,Sudbeck,1965-01-02,1998-07-22,9999-01-01,Staff
40269,Toshiki,Ghazalie,1965-01-10,1991-12-05,9999-01-01,Senior Staff
40283,Sudhanshu,Boissier,1965-01-07,1985-05-11,9999-01-01,Engineer
40765,Michaela,Ramsak,1965-01-01,1992-12-21,9999-01-01,Senior Staff
40773,Shimshon,Aingworth,1965-01-09,1986-04-13,9999-01-01,Senior Staff
41357,Willard,Vernadat,1965-01-06,1997-03-04,9999-01-01,Engineer
41518,Keung,Schapiro,1965-01-11,2001-02-08,9999-01-01,Senior Engineer
41609,Yucai,Simmen,1965-01-04,1987-10-13,9999-01-01,Senior Staff
42955,Yucel,Lortz,1965-01-12,1995-02-21,9999-01-01,Engineer
43848,Phillip,Oxenboll,1965-01-11,1999-05-26,9999-01-01,Engineer
44900,Mark,Schwaller,1965-01-05,1994-08-10,9999-01-01,Senior Staff
45162,Dulce,Speel,1965-01-11,1987-10-19,9999-01-01,Engineer
46328,Wuxu,Trogemann,1965-01-05,1997-01-27,9999-01-01,Senior Staff
46811,Junsik,Berendt,1965-01-10,1988-04-27,9999-01-01,Senior Engineer
47016,Toong,Litecky,1965-01-03,1989-03-01,9999-01-01,Senior Staff
47262,Gonzalo,Binkley,1965-01-10,1985-08-16,9999-01-01,Engineer
47708,Edwin,Haldar,1965-01-05,1995-07-12,9999-01-01,Senior Staff
48690,Hitomi,Schaap,1965-01-12,1999-09-27,9999-01-01,Staff
48947,Filipp,Akaboshi,1965-01-05,1992-05-20,9999-01-01,Senior Staff
49017,Filipp,Flanders,1965-01-07,1990-11-26,9999-01-01,Engineer
49119,Lena,Peek,1965-01-09,1991-05-16,9999-01-01,Engineer
49177,Tze,Bach,1965-01-03,1999-03-09,9999-01-01,Engineer
50453,Aron,Harbusch,1965-01-12,1997-10-02,9999-01-01,Staff
50831,Marie,Khalid,1965-01-06,1996-06-11,9999-01-01,Senior Engineer
52639,Arup,Colorni,1965-01-09,1996-02-05,9999-01-01,Senior Staff
53314,Eberhardt,Carrera,1965-01-06,1999-02-23,9999-01-01,Staff
53431,Sham,Vasanthakumar,1965-01-12,1993-05-24,9999-01-01,Senior Staff
54198,Shaowen,Segond,1965-01-01,1986-01-06,9999-01-01,Engineer
55687,Shih,Lindqvist,1965-01-02,1995-03-29,9999-01-01,Senior Engineer
56105,Makato,Remmers,1965-01-11,1989-04-16,9999-01-01,Engineer
56829,Nagui,Gruenwald,1965-01-09,1997-06-14,9999-01-01,Engineer
58141,Bezalel,Karner,1965-01-05,1994-09-27,9999-01-01,Staff
58147,Shigenori,Sullins,1965-01-09,1988-02-24,9999-01-01,Senior Staff
58819,Gennady,Liesche,1965-01-04,1987-12-02,9999-01-01,Senior Staff
58990,Palash,Trelles,1965-01-04,1998-11-18,9999-01-01,Engineer
59195,Ronnie,Pollock,1965-01-08,1990-06-19,9999-01-01,Technique Leader
60821,Moty,Mersereau,1965-01-02,1991-09-03,9999-01-01,Senior Staff
60959,Tetsushi,Sridhar,1965-01-09,1989-10-19,9999-01-01,Senior Staff
61253,Cheong,Uhrik,1965-01-09,2002-05-09,9999-01-01,Engineer
61377,Dannz,Ohori,1965-01-01,1997-04-13,9999-01-01,Senior Staff
61541,Kasidit,Papsdorf,1965-01-08,1993-08-17,9999-01-01,Engineer
62245,Adel,Bressoud,1965-01-01,1995-08-30,9999-01-01,Engineer
64023,Laurentiu,Benzmuller,1965-01-11,1999-11-08,9999-01-01,Senior Engineer
64632,Zsolt,Brender,1965-01-07,1996-02-21,9999-01-01,Senior Staff
64984,Eldridge,Eldridge,1965-01-06,1994-08-04,9999-01-01,Engineer
65883,Patricia,Pepe,1965-01-07,1991-04-19,9999-01-01,Senior Staff
65998,Mandell,Alameldin,1965-01-09,1989-04-08,9999-01-01,Senior Staff
66382,Domenico,Candan,1965-01-04,1997-07-13,9999-01-01,Engineer
67548,Fumitaka,Roohalamini,1965-01-11,1998-06-27,9999-01-01,Staff
67934,Aiman,Gargeya,1965-01-07,1985-03-07,9999-01-01,Engineer
69219,Shuky,Redmiles,1965-01-09,1994-11-19,9999-01-01,Senior Staff
70469,Tru,Miyakawa,1965-01-12,1990-09-03,9999-01-01,Senior Staff
71141,Sajjad,Vitiello,1965-01-02,1992-02-17,9999-01-01,Senior Staff
71188,Pranjal,Schapiro,1965-01-02,1986-12-14,9999-01-01,Senior Staff
71243,Kinh,Buchter,1965-01-10,1986-03-29,9999-01-01,Engineer
71685,Kristinn,Olano,1965-01-01,1989-10-03,9999-01-01,Senior Engineer
71745,Adil,Laventhal,1965-01-02,1992-05-13,9999-01-01,Assistant Engineer
72232,Naraig,Veldwijk,1965-01-10,1989-07-10,9999-01-01,Engineer
74668,Masako,Bonifati,1965-01-01,1987-04-09,9999-01-01,Senior Staff
75354,Shuky,Jakobus,1965-01-11,1986-06-16,9999-01-01,Engineer
75703,Kyoichi,Erman,1965-01-08,1996-07-25,9999-01-01,Engineer
76189,Kolar,Hinsberger,1965-01-02,1986-10-20,9999-01-01,Engineer
76201,Arif,Preusig,1965-01-10,1992-04-02,9999-01-01,Senior Engineer
76640,Tristan,Mitsuhashi,1965-01-02,1994-07-13,9999-01-01,Engineer
77030,Faiza,Garnham,1965-01-02,1986-03-02,9999-01-01,Technique Leader
77647,Niranjan,Schaaf,1965-01-07,1989-11-05,9999-01-01,Technique Leader
78106,Ashish,Ratnaker,1965-01-09,2000-01-17,9999-01-01,Senior Staff
78363,Susumu,Fritzsche,1965-01-03,1998-06-23,9999-01-01,Engineer
79606,Arnd,Peir,1965-01-03,1986-12-11,9999-01-01,Senior Engineer
80889,Shigeo,Linnainmaa,1965-01-07,1985-07-30,9999-01-01,Senior Engineer
81644,Divine,Ghandeharizadeh,1965-01-05,1997-11-28,9999-01-01,Staff
81995,Sreekrishna,Brender,1965-01-10,1990-03-22,9999-01-01,Engineer
82919,Shigeu,Claffy,1965-01-05,1998-12-19,9999-01-01,Engineer
83280,Francesca,Ellozy,1965-01-07,1999-08-08,9999-01-01,Senior Engineer
83289,Shigeichiro,Engelmann,1965-01-09,1994-01-09,9999-01-01,Engineer
83509,Breannda,Collavizza,1965-01-04,1989-10-12,9999-01-01,Engineer
83941,Zsolt,Hagimont,1965-01-11,1996-10-08,9999-01-01,Senior Staff
85288,Younwoo,Luders,1965-01-06,1998-12-08,9999-01-01,Engineer
85445,Yongdong,Pollock,1965-01-09,1998-03-17,9999-01-01,Staff
85702,Udi,Merks,1965-01-04,1997-08-15,9999-01-01,Engineer
86546,Oldrich,Woycyznski,1965-01-09,1985-05-15,9999-01-01,Engineer
86655,Zhenhua,Lorys,1965-01-01,1995-08-21,9999-01-01,Engineer
87353,Quingbo,Coombs,1965-01-07,1999-01-17,9999-01-01,Senior Engineer
88103,Goo,Bresenham,1965-01-09,1999-01-31,9999-01-01,Senior Staff
88647,Vasiliy,Ratnaker,1965-01-10,1995-08-09,9999-01-01,Engineer
89161,Conal,Yetto,1965-01-07,1991-01-12,9999-01-01,Senior Staff
90084,Renny,Bale,1965-01-01,1989-11-22,9999-01-01,Engineer
90292,Koichi,Assaf,1965-01-09,1990-05-26,9999-01-01,Engineer
90692,Rajmohan,DasSarma,1965-01-03,1985-09-14,9999-01-01,Senior Staff
91182,Lucien,Schwartzburd,1965-01-04,1988-08-25,9999-01-01,Engineer
91229,Yahiko,Hebden,1965-01-01,1996-10-03,9999-01-01,Engineer
91415,Jamaludin,Nilsson,1965-01-04,1987-01-15,9999-01-01,Senior Staff
92438,Aria,Kilgore,1965-01-04,1992-04-11,9999-01-01,Engineer
92577,Zhanqiu,Farrow,1965-01-06,1999-01-10,9999-01-01,Assistant Engineer
92846,Anyuan,Kropatsch,1965-01-11,1986-09-05,9999-01-01,Senior Staff
93220,Richara,Walston,1965-01-11,1996-08-27,9999-01-01,Senior Engineer
94416,Aran,Cesareni,1965-01-01,2001-11-20,9999-01-01,Senior Staff
95406,Alair,Lyonns,1965-01-08,1997-07-12,9999-01-01,Engineer
95509,Kristinn,Loncour,1965-01-11,1995-02-08,9999-01-01,Engineer
96767,Arumugam,Vecchio,1965-01-07,1985-08-14,9999-01-01,Engineer
97018,Jeanna,Chinen,1965-01-09,1989-01-01,9999-01-01,Engineer
98288,Sumali,Huttel,1965-01-12,1989-09-12,9999-01-01,Senior Staff
102620,Adin,Templeman,1965-01-03,1999-08-12,9999-01-01,Engineer
103310,Visit,Swen,1965-01-07,1995-10-02,9999-01-01,Senior Staff
103316,Susanne,Peternell,1965-01-03,1994-07-27,9999-01-01,Engineer
103342,Beshir,Hellwagner,1965-01-03,1998-02-03,9999-01-01,Engineer
104988,Parviz,Litzler,1965-01-07,1992-08-08,9999-01-01,Engineer
105342,Kwun,Reeker,1965-01-01,1999-07-29,9999-01-01,Technique Leader
105432,Mohamadou,Stafford,1965-01-08,1995-09-12,9999-01-01,Engineer
105520,Haldun,Lienhardt,1965-01-01,1987-01-29,9999-01-01,Senior Staff
108091,Hisao,Ghemri,1965-01-09,1985-11-14,9999-01-01,Senior Staff
108316,Shai,Stellhorn,1965-01-02,1992-05-21,9999-01-01,Senior Engineer
109211,Gor,Delgrande,1965-01-11,2002-06-18,9999-01-01,Engineer
109620,Mani,Cannata,1965-01-02,1989-06-21,9999-01-01,Senior Staff
109741,Hatem,Fadgyas,1965-01-11,1991-11-13,9999-01-01,Senior Engineer
200267,Chuanti,Luff,1965-01-08,1994-09-21,9999-01-01,Senior Staff
200363,Kirk,Quaggetto,1965-01-10,1987-06-30,9999-01-01,Engineer
200735,Dinah,Denos,1965-01-09,1992-09-21,9999-01-01,Senior Staff
201229,Alejandra,Khasidashvili,1965-01-03,1994-07-30,9999-01-01,Staff
201709,Fan,Kakkad,1965-01-01,1988-02-25,9999-01-01,Senior Staff
201801,Waiman,Genin,1965-01-12,1988-10-30,9999-01-01,Engineer
201915,Sudharsan,DeMori,1965-01-02,1992-03-30,9999-01-01,Engineer
202403,Gully,Perko,1965-01-09,1999-07-07,9999-01-01,Engineer
202552,Morris,Saoudi,1965-01-05,1991-11-22,9999-01-01,Engineer
203474,Hugh,Jonsson,1965-01-03,1991-07-06,9999-01-01,Senior Staff
203495,Zongyan,Gips,1965-01-02,1997-05-31,9999-01-01,Technique Leader
204117,Jessie,Nooteboom,1965-01-10,2000-12-13,9999-01-01,Staff
204246,Arve,Worfolk,1965-01-09,1985-04-01,9999-01-01,Senior Staff
204425,Gretta,Huttel,1965-01-03,1990-10-08,9999-01-01,Senior Engineer
205174,Leszek,Spinelli,1965-01-05,1998-12-10,9999-01-01,Staff
205500,Mary,Setiz,1965-01-04,1989-01-13,9999-01-01,Senior Engineer
205863,Aiichiro,Kusalik,1965-01-06,1990-10-04,9999-01-01,Engineer
206748,Yucai,Fabrizio,1965-01-07,1999-10-06,9999-01-01,Staff
206836,Guadalupe,Pfau,1965-01-12,1993-03-22,9999-01-01,Senior Staff
207401,Shuji,Barbanera,1965-01-04,1987-08-10,9999-01-01,Senior Staff
207980,Remko,Vieth,1965-01-07,1990-11-22,9999-01-01,Senior Staff
208147,Manu,Rothenberg,1965-01-09,1988-12-06,9999-01-01,Engineer
208330,Shen,Flanders,1965-01-11,1989-07-03,9999-01-01,Senior Staff
209101,Xinyu,Edelhoff,1965-01-05,1997-10-26,9999-01-01,Senior Engineer
209565,Dante,Covnot,1965-01-09,1989-05-28,9999-01-01,Senior Staff
211858,Domenico,Ratnaker,1965-01-08,1985-03-24,9999-01-01,Engineer
211879,Gao,Ranze,1965-01-12,1994-11-24,9999-01-01,Engineer
211967,Anwar,Bain,1965-01-07,1989-01-22,9999-01-01,Engineer
212093,Leni,Henders,1965-01-11,1993-11-19,9999-01-01,Senior Staff
213140,Tru,Danecki,1965-01-10,1997-03-31,9999-01-01,Staff
213384,Pranas,Narwekar,1965-01-04,1985-09-26,9999-01-01,Engineer
214634,Shirish,Vickson,1965-01-12,1989-10-24,9999-01-01,Engineer
214995,Dinkar,Hoppenstand,1965-01-12,1994-05-04,9999-01-01,Engineer
215746,Sven,Speer,1965-01-08,1999-07-08,9999-01-01,Staff
217026,Otmar,Engberts,1965-01-11,1993-08-16,9999-01-01,Senior Staff
217080,Masami,Puoti,1965-01-12,2000-01-21,9999-01-01,Senior Engineer
217286,Yannik,Spelt,1965-01-05,1992-09-22,9999-01-01,Technique Leader
217320,Abdelwaheb,Denis,1965-01-10,1993-09-10,9999-01-01,Engineer
217551,Panayotis,Lukaszewicz,1965-01-02,1989-06-06,9999-01-01,Engineer
219052,Marsal,Acton,1965-01-06,1995-08-02,9999-01-01,Staff
220131,Reinhard,Slaats,1965-01-09,1994-06-08,9999-01-01,Engineer
220528,Sibyl,Rabehasaina,1965-01-06,1998-02-23,9999-01-01,Senior Staff
220582,Poornachandra,Zielinski,1965-01-08,1996-02-13,9999-01-01,Senior Staff
220699,Nahid,Gyimothy,1965-01-07,1995-08-18,9999-01-01,Staff
221435,Djenana,Marrevee,1965-01-06,1994-02-06,9999-01-01,Engineer
222878,Annemarie,Zallocco,1965-01-10,1996-12-01,9999-01-01,Engineer
222926,Limsoon,Erol,1965-01-10,1997-12-31,9999-01-01,Senior Engineer
222998,Leaf,Awdeh,1965-01-07,1992-10-02,9999-01-01,Senior Staff
224135,Annemarie,Bressoud,1965-01-02,1998-06-23,9999-01-01,Engineer
224934,George,Miake,1965-01-05,1988-01-02,9999-01-01,Senior Staff
225788,Ipke,Kieras,1965-01-08,1995-12-18,9999-01-01,Engineer
226227,Herbert,Erva,1965-01-07,1986-09-06,9999-01-01,Engineer
227354,Gio,Murtha,1965-01-12,1986-11-11,9999-01-01,Engineer
227476,Macha,Schnabel,1965-01-11,1988-05-11,9999-01-01,Engineer
228248,Yuriy,Plump,1965-01-09,1988-09-08,9999-01-01,Senior Staff
228554,Bilhanan,Brendel,1965-01-03,1990-12-23,9999-01-01,Senior Staff
228766,Nahla,Smailagic,1965-01-11,1993-02-12,9999-01-01,Engineer
229098,Berry,Yurek,1965-01-08,1995-08-16,9999-01-01,Senior Staff
229386,Pohua,Tasistro,1965-01-03,1994-11-04,9999-01-01,Technique Leader
229404,Gilbert,Kilgour,1965-01-11,1996-04-05,9999-01-01,Staff
229547,Moni,Schach,1965-01-03,1986-07-04,9999-01-01,Senior Staff
230002,Tadahiro,Backhouse,1965-01-07,1991-10-02,9999-01-01,Engineer
230865,Takushi,Brattka,1965-01-02,1999-06-03,9999-01-01,Staff
231671,Chandrasekaran,Pearson,1965-01-07,1995-04-14,9999-01-01,Staff
232209,Nitsan,Rouquie,1965-01-11,1988-08-01,9999-01-01,Engineer
233394,Khalid,Lenart,1965-01-06,1995-12-24,9999-01-01,Engineer
233426,Etsuo,Usery,1965-01-12,1995-03-02,9999-01-01,Engineer
233818,Kellie,Heydon,1965-01-01,1985-11-11,9999-01-01,Engineer
234195,Luerbio,Terkki,1965-01-07,1991-05-14,9999-01-01,Senior Staff
235325,Gro,Prochazka,1965-01-06,1992-10-16,9999-01-01,Engineer
235368,Anneli,Joslin,1965-01-09,1987-04-12,9999-01-01,Senior Engineer
235458,Gio,Heuser,1965-01-05,1992-06-28,9999-01-01,Senior Staff
235793,Jayesh,Spinelli,1965-01-03,1999-01-16,9999-01-01,Senior Engineer
236591,Insup,Reinhard,1965-01-11,1985-04-08,9999-01-01,Senior Staff
238112,Miomir,Frezza,1965-01-12,1991-05-25,9999-01-01,Technique Leader
238252,Uno,Suppi,1965-01-09,1996-12-27,9999-01-01,Staff
238422,Vishv,Angelov,1965-01-10,1988-03-08,9999-01-01,Senior Staff
238949,Minghong,Cronin,1965-01-09,1987-10-04,9999-01-01,Senior Staff
239067,Tadahiko,Pocchiola,1965-01-11,1996-04-02,9999-01-01,Staff
239415,Susumu,Brender,1965-01-01,1993-04-17,9999-01-01,Engineer
239426,Vesna,Fairtlough,1965-01-08,2002-05-07,9999-01-01,Engineer
239664,Sugwoo,Michaels,1965-01-04,1992-08-02,9999-01-01,Engineer
240438,Temple,Cyre,1965-01-02,1992-09-30,9999-01-01,Senior Staff
240870,Francesca,Chorvat,1965-01-06,1992-03-17,9999-01-01,Senior Staff
241872,Bluma,Fetvedt,1965-01-11,2001-11-14,9999-01-01,Senior Staff
242019,Herb,Murrill,1965-01-09,2001-10-28,9999-01-01,Senior Engineer
242081,Tomokazu,Pargas,1965-01-12,1996-11-15,9999-01-01,Assistant Engineer
242104,Richara,Sudkamp,1965-01-05,1989-09-05,9999-01-01,Senior Staff
242500,Bingning,Iisaku,1965-01-08,1989-06-26,9999-01-01,Senior Staff
242800,Kazuyasu,Levergood,1965-01-11,1996-02-10,9999-01-01,Engineer
243018,Bowen,Deverell,1965-01-02,1998-12-27,9999-01-01,Senior Staff
243576,Abdulah,Lodder,1965-01-04,1996-11-10,9999-01-01,Senior Staff
243898,Arch,Basawa,1965-01-09,1998-05-10,9999-01-01,Staff
244308,Mokhtar,Rebaine,1965-01-10,1991-07-23,9999-01-01,Senior Staff
244873,Arunachalam,Oppitz,1965-01-04,1986-05-20,9999-01-01,Senior Staff
246244,George,Casperson,1965-01-09,2000-01-20,9999-01-01,Staff
246364,Alper,Tiemann,1965-01-06,1998-10-29,9999-01-01,Engineer
246764,Shuzo,Czaja,1965-01-04,1997-11-29,9999-01-01,Staff
246798,Tianruo,Strooper,1965-01-09,2001-12-07,9999-01-01,Senior Staff
247612,Chiranjit,Constantine,1965-01-04,1997-05-25,9999-01-01,Engineer
247875,Xiong,Anick,1965-01-02,1991-04-23,9999-01-01,Senior Staff
248256,Sajjan,Falby,1965-01-05,1996-08-29,9999-01-01,Staff
249504,Dmitry,Velardi,1965-01-07,1995-10-20,9999-01-01,Engineer
249780,Nechama,Gaughan,1965-01-12,1993-07-09,9999-01-01,Assistant Engineer
249799,Jolita,Neimat,1965-01-04,1993-12-27,9999-01-01,Engineer
251233,Yucel,Bernini,1965-01-07,1993-02-19,9999-01-01,Engineer
251341,Divier,Kumaresan,1965-01-11,1992-12-05,9999-01-01,Senior Staff
251403,Utpal,DuBourdieux,1965-01-01,1997-11-19,9999-01-01,Technique Leader
251645,Bezalel,Tsunoo,1965-01-06,1992-06-17,9999-01-01,Senior Staff
251680,Moty,Sommen,1965-01-05,1990-08-14,9999-01-01,Senior Engineer
251814,Mitsuyuki,Zockler,1965-01-01,1998-09-14,9999-01-01,Technique Leader
252185,Chaosheng,Conta,1965-01-01,1997-04-14,9999-01-01,Assistant Engineer
252316,Gill,Niizuma,1965-01-07,1994-10-08,9999-01-01,Engineer
252392,Sanjeeva,Peron,1965-01-01,1993-12-26,9999-01-01,Engineer
253707,Insup,Hainaut,1965-01-05,1998-02-11,9999-01-01,Staff
253893,Huiqun,Trystram,1965-01-04,1993-05-10,9999-01-01,Senior Engineer
256216,Halsur,Brodal,1965-01-01,1997-11-22,9999-01-01,Engineer
256856,Hongzue,Barbanera,1965-01-03,1987-06-17,9999-01-01,Senior Staff
256881,Ioana,Jakobus,1965-01-03,1990-08-10,9999-01-01,Engineer
256888,Heather,Pehl,1965-01-03,1993-09-15,9999-01-01,Staff
257378,Pascal,Bernatsky,1965-01-06,1988-09-03,9999-01-01,Senior Staff
257484,Shaowei,Nicolson,1965-01-01,1986-12-07,9999-01-01,Senior Staff
258028,Mountaz,Reinhart,1965-01-07,2001-07-03,9999-01-01,Engineer
258470,Weiwu,Butner,1965-01-04,1995-02-14,9999-01-01,Staff
258643,Przemyslawa,Esposito,1965-01-11,1992-02-27,9999-01-01,Engineer
259042,Xiaoqiang,Farrow,1965-01-12,1997-01-01,9999-01-01,Staff
261631,Jianhua,Huttel,1965-01-08,1998-02-23,9999-01-01,Engineer
261662,Berni,Assaf,1965-01-11,1989-09-08,9999-01-01,Senior Staff
262328,Mayuko,Vural,1965-01-03,1997-12-24,9999-01-01,Staff
262636,Tamiya,Reutenauer,1965-01-04,1992-04-10,9999-01-01,Senior Engineer
262752,Pramod,Bierman,1965-01-04,1997-12-12,9999-01-01,Engineer
262928,Piyush,Gill,1965-01-01,1995-02-20,9999-01-01,Engineer
263012,Hideo,Buchter,1965-01-09,1999-05-01,9999-01-01,Staff
263370,Shakhar,Ranze,1965-01-03,1999-05-29,9999-01-01,Staff
263439,Atreye,Kabayashi,1965-01-09,1986-12-15,9999-01-01,Senior Engineer
263926,Fusako,Schwartzbauer,1965-01-03,1985-04-07,9999-01-01,Senior Staff
264322,Leandro,Swist,1965-01-03,1991-01-06,9999-01-01,Senior Staff
264939,Bogdan,Bahi,1965-01-10,1999-02-13,9999-01-01,Engineer
265039,Navid,Staudhammer,1965-01-03,1992-10-18,9999-01-01,Senior Staff
265521,Kensei,Salverda,1965-01-04,1993-05-25,9999-01-01,Engineer
266644,Anwar,Gubsky,1965-01-08,1993-08-09,9999-01-01,Senior Staff
266862,Mart,Plumb,1965-01-10,1986-04-21,9999-01-01,Senior Staff
266881,Mokhtar,Sabnani,1965-01-11,1997-02-04,9999-01-01,Senior Staff
267059,Moie,Tempesti,1965-01-09,1991-06-29,9999-01-01,Senior Staff
267227,Susuma,Tagansky,1965-01-10,1995-01-22,9999-01-01,Engineer
267304,Jordanka,Axelband,1965-01-06,1994-06-27,9999-01-01,Senior Staff
267667,Irena,Kaiserswerth,1965-01-05,1987-09-05,9999-01-01,Senior Staff
268191,LiMin,Teitelbaum,1965-01-07,1990-11-01,9999-01-01,Engineer
269728,Naftali,Kragelund,1965-01-12,1987-05-16,9999-01-01,Senior Staff
270084,Ulises,Frolund,1965-01-11,1986-07-26,9999-01-01,Senior Staff
271106,Taisook,Kampfer,1965-01-10,1997-11-30,9999-01-01,Engineer
272316,Surveyors,Muhling,1965-01-05,1999-07-19,9999-01-01,Engineer
272452,Mitsuyuki,Isard,1965-01-10,2002-02-27,9999-01-01,Engineer
273396,Wayne,Baba,1965-01-10,1998-03-07,9999-01-01,Engineer
273806,Hongzhu,Beetstra,1965-01-01,1997-08-18,9999-01-01,Senior Staff
274071,Mingsen,Weiland,1965-01-01,1995-10-12,9999-01-01,Staff
274271,Prodip,Ritcey,1965-01-10,1986-09-10,9999-01-01,Senior Staff
274813,Yefim,Pettey,1965-01-10,1993-08-07,9999-01-01,Senior Staff
275158,Satyanarayana,Brandsma,1965-01-07,1999-12-08,9999-01-01,Engineer
275881,Jiann,Munro,1965-01-08,1988-05-18,9999-01-01,Senior Engineer
276027,Holgard,Stavenow,1965-01-04,1986-02-28,9999-01-01,Senior Staff
276184,Mari,Swick,1965-01-10,1991-04-08,9999-01-01,Senior Staff
276189,Isaac,Klerer,1965-01-10,1995-03-19,9999-01-01,Senior Staff
276563,Gift,Solares,1965-01-01,1995-08-01,9999-01-01,Senior Staff
277316,Vitali,Rothenberg,1965-01-03,1989-10-04,9999-01-01,Senior Staff
277362,Uzi,Kugler,1965-01-09,1991-01-12,9999-01-01,Senior Staff
278452,Sudhanshu,Toyoshima,1965-01-07,1987-08-29,9999-01-01,Senior Staff
278549,Jaana,Werthner,1965-01-02,1989-07-27,9999-01-01,Senior Staff
279115,Maren,DuCasse,1965-01-05,1997-11-29,9999-01-01,Engineer
279280,Niranjan,Debuse,1965-01-09,1992-09-21,9999-01-01,Engineer
279791,Chiranjit,Lyonns,1965-01-10,1986-12-24,9999-01-01,Assistant Engineer
280648,Heeju,Lorys,1965-01-04,1986-12-27,9999-01-01,Engineer
281570,Zijian,Covnot,1965-01-08,1994-09-13,9999-01-01,Assistant Engineer
281692,Khosrow,Sommen,1965-01-06,1990-03-03,9999-01-01,Senior Engineer
282585,Zijian,Lammel,1965-01-03,1996-07-01,9999-01-01,Staff
282894,Fay,Bellmore,1965-01-05,1989-05-03,9999-01-01,Engineer
284561,Duri,Beznosov,1965-01-03,1988-02-15,9999-01-01,Senior Engineer
284691,Theron,Ressouche,1965-01-04,1988-08-17,9999-01-01,Engineer
284717,Gal,Ranta,1965-01-11,1992-11-07,9999-01-01,Engineer
284856,Moto,Kobara,1965-01-05,1991-12-12,9999-01-01,Engineer
285164,Xiaocheng,Kumaresan,1965-01-02,1994-10-03,9999-01-01,Staff
285905,Kellyn,Bage,1965-01-09,1994-11-04,9999-01-01,Senior Staff
285906,Arnould,Buescher,1965-01-02,1998-03-26,9999-01-01,Engineer
286370,Toshimitsu,Seuren,1965-01-06,1995-01-19,9999-01-01,Senior Staff
286986,Woody,Trelles,1965-01-01,1996-05-23,9999-01-01,Senior Engineer
287334,Elliott,Speer,1965-01-05,1998-08-08,9999-01-01,Engineer
287482,Shigeaki,Gihr,1965-01-01,1994-03-18,9999-01-01,Engineer
287609,Sailaja,Negoita,1965-01-06,1988-01-20,9999-01-01,Assistant Engineer
287808,Vidar,Ozeki,1965-01-09,1996-06-17,9999-01-01,Technique Leader
287984,Troy,Kobuchi,1965-01-09,1991-02-12,9999-01-01,Engineer
288166,Masoud,Asmuth,1965-01-11,1994-09-05,9999-01-01,Staff
288563,Cristinel,Gerlach,1965-01-02,1996-01-09,9999-01-01,Engineer
289807,Soenke,Lemarechal,1965-01-04,1994-09-04,9999-01-01,Senior Staff
289909,Hilari,Vecchio,1965-01-09,1993-04-24,9999-01-01,Senior Staff
290284,Kwangjo,Menhardt,1965-01-08,1996-01-11,9999-01-01,Engineer
290478,Tsvetan,Sherertz,1965-01-03,1989-08-07,9999-01-01,Assistant Engineer
290563,Shigehiro,Oxenboll,1965-01-09,1986-02-26,9999-01-01,Senior Engineer
291352,Danai,Trelles,1965-01-07,1997-08-26,9999-01-01,Technique Leader
291669,Faiza,Bach,1965-01-04,1999-09-13,9999-01-01,Engineer
292146,Khatoun,Pulkowski,1965-01-09,2002-01-09,9999-01-01,Engineer
292515,Bernd,Thummel,1965-01-04,1989-08-03,9999-01-01,Assistant Engineer
292828,Ziya,Tokunaga,1965-01-10,1986-01-08,9999-01-01,Engineer
293080,Hideyuki,Slaats,1965-01-12,1987-05-30,9999-01-01,Senior Staff
293752,Jungsoon,Bail,1965-01-04,1986-02-18,9999-01-01,Senior Staff
294144,Takanari,Ermel,1965-01-09,1992-01-11,9999-01-01,Senior Staff
294241,Marl,Fiebach,1965-01-12,1994-07-26,9999-01-01,Senior Staff
294527,Ashish,Candan,1965-01-04,1992-02-02,9999-01-01,Senior Staff
295030,Fun,Keirsey,1965-01-01,1985-07-09,9999-01-01,Senior Staff
295255,Jacopo,Bellone,1965-01-04,1988-03-13,9999-01-01,Technique Leader
295278,Val,Barvinok,1965-01-04,1990-01-02,9999-01-01,Assistant Engineer
296428,Charmane,Simmen,1965-01-03,1989-03-07,9999-01-01,Senior Staff
296687,Palash,Spieker,1965-01-02,1991-05-11,9999-01-01,Senior Staff
297431,Cathie,Ratnakar,1965-01-12,1996-06-23,9999-01-01,Senior Staff
297905,Marc,Bahl,1965-01-12,1997-06-18,9999-01-01,Assistant Engineer
298339,King,Benzmuller,1965-01-11,1986-09-04,9999-01-01,Engineer
298577,Florina,Litecky,1965-01-11,1985-12-02,9999-01-01,Senior Staff
299346,Fumitake,Sichman,1965-01-09,1991-02-21,9999-01-01,Senior Staff
400046,Hilari,Christ,1965-01-12,1996-10-07,9999-01-01,Senior Staff
400780,Poornachandra,Asser,1965-01-09,1993-11-07,9999-01-01,Engineer
400796,Bodo,Halevi,1965-01-10,1996-05-30,9999-01-01,Engineer
401420,Florian,Uhrig,1965-01-06,1987-01-31,9999-01-01,Senior Staff
402664,Subhada,Janetzko,1965-01-04,1987-01-25,9999-01-01,Senior Engineer
403621,Deborah,Kaminger,1965-01-07,1988-06-04,9999-01-01,Senior Staff
403954,Jeanna,Bratten,1965-01-10,1990-07-26,9999-01-01,Engineer
404018,Valery,Babb,1965-01-11,1998-10-19,9999-01-01,Senior Engineer
404236,Zengping,Kakkar,1965-01-12,1988-07-22,9999-01-01,Engineer
404462,Anestis,Setlzner,1965-01-09,1985-07-13,9999-01-01,Engineer
405015,Morris,Fargier,1965-01-02,1988-06-29,9999-01-01,Senior Staff
406239,Marek,Tomescu,1965-01-09,1995-05-15,9999-01-01,Engineer
408019,Shridhar,Chleq,1965-01-01,1986-03-22,9999-01-01,Assistant Engineer
408114,Geoffrey,Ladret,1965-01-05,1994-01-03,9999-01-01,Engineer
408654,Yongqiao,Cochrane,1965-01-09,1986-10-27,9999-01-01,Senior Staff
409391,Willard,Verspoor,1965-01-06,1999-02-28,9999-01-01,Engineer
410028,Xiadong,McClurg,1965-01-11,1985-09-17,9999-01-01,Senior Staff
410372,Duri,Mitina,1965-01-08,1990-03-04,9999-01-01,Engineer
410881,Koichi,Grabner,1965-01-06,2000-04-05,9999-01-01,Senior Engineer
411082,Martine,Cangellaris,1965-01-08,1992-04-28,9999-01-01,Engineer
411143,Goncalo,Barbanera,1965-01-08,1996-09-01,9999-01-01,Senior Staff
412757,Leen,Peak,1965-01-03,1999-11-20,9999-01-01,Engineer
413205,Mototsugu,Prampolini,1965-01-09,1988-06-12,9999-01-01,Senior Staff
413666,Remco,Duclos,1965-01-05,1988-04-18,9999-01-01,Senior Staff
413729,Harjit,Ernst,1965-01-02,1992-04-26,9999-01-01,Technique Leader
413831,Mohamadou,Grabner,1965-01-09,1991-11-25,9999-01-01,Senior Staff
414543,Bernd,Anick,1965-01-03,1988-11-19,9999-01-01,Senior Engineer
414714,Chinho,Delgrande,1965-01-06,1996-11-07,9999-01-01,Senior Staff
415187,Juyoung,Peltason,1965-01-03,1998-09-01,9999-01-01,Assistant Engineer
416074,Alain,Lieberherr,1965-01-08,1987-05-11,9999-01-01,Engineer
416877,Gio,Orsini,1965-01-02,1988-12-07,9999-01-01,Senior Staff
416892,Shooichi,Vandervoorde,1965-01-03,1996-08-16,9999-01-01,Engineer
417435,Bouchung,Zaumen,1965-01-03,1999-01-29,9999-01-01,Senior Staff
418239,Josyula,Motley,1965-01-03,1996-03-26,9999-01-01,Senior Engineer
418247,Oscar,Oppitz,1965-01-08,2002-07-27,9999-01-01,Senior Staff
418298,Arvin,Pusterhofer,1965-01-08,1995-03-02,9999-01-01,Engineer
418380,Kazuhiko,Gornas,1965-01-02,1993-05-20,9999-01-01,Senior Engineer
418606,Michaela,Otillio,1965-01-11,1994-01-05,9999-01-01,Engineer
420557,Mabhin,Eastman,1965-01-06,1989-08-02,9999-01-01,Senior Staff
420732,Willard,Morrin,1965-01-06,1996-05-27,9999-01-01,Senior Staff
420759,Raimond,Solovay,1965-01-04,1997-10-03,9999-01-01,Staff
421074,Zhaofang,Falster,1965-01-07,1994-06-29,9999-01-01,Senior Staff
421384,Renny,Bednarek,1965-01-02,1987-06-01,9999-01-01,Senior Staff
421755,Shichao,Thiria,1965-01-03,1989-01-11,9999-01-01,Assistant Engineer
422146,Kenton,Miara,1965-01-08,2002-03-13,9999-01-01,Engineer
423204,Uma,Stranks,1965-01-08,1991-09-13,9999-01-01,Senior Staff
423350,Heping,Monarch,1965-01-04,1988-04-15,9999-01-01,Senior Staff
423993,Seshu,Kolvik,1965-01-01,1988-12-09,9999-01-01,Technique Leader
424685,Changho,Veevers,1965-01-10,1997-03-03,9999-01-01,Senior Staff
424984,Vasilis,Waleschkowski,1965-01-11,1996-05-26,9999-01-01,Engineer
425437,Moni,Staudhammer,1965-01-03,1999-03-23,9999-01-01,Engineer
425540,Paddy,Zumaque,1965-01-03,1995-11-12,9999-01-01,Senior Staff
426168,Kaijung,Mateescu,1965-01-10,1987-11-18,9999-01-01,Senior Staff
426706,Karsten,Kawashima,1965-01-07,1994-03-15,9999-01-01,Engineer
426795,Huican,Lunn,1965-01-07,1986-07-23,9999-01-01,Senior Staff
427852,Adil,Kieras,1965-01-02,1992-07-20,9999-01-01,Senior Engineer
428082,Ronghao,Alpin,1965-01-09,1991-09-11,9999-01-01,Senior Staff
428160,Jamaludin,Kalorkoti,1965-01-12,1998-09-06,9999-01-01,Senior Staff
428195,Hatsukazu,Rosca,1965-01-11,1993-08-02,9999-01-01,Senior Staff
429231,Kazuyasu,Schmiedel,1965-01-09,1985-09-07,9999-01-01,Senior Staff
429316,Seshu,Hiraishi,1965-01-08,1994-08-10,9999-01-01,Senior Staff
429381,Limsoon,Roohalamini,1965-01-06,1986-11-26,9999-01-01,Senior Staff
429481,Subhada,Emmerich,1965-01-09,1996-03-06,9999-01-01,Engineer
429520,Yongqiao,Francisci,1965-01-06,1999-12-01,9999-01-01,Engineer
429569,Fumiya,Chappelet,1965-01-03,1992-09-03,9999-01-01,Assistant Engineer
429703,Ung,Honglei,1965-01-06,1986-09-02,9999-01-01,Senior Staff
430558,Xiong,Roisin,1965-01-07,1988-03-01,9999-01-01,Engineer
430891,Khalil,Gien,1965-01-06,1991-08-06,9999-01-01,Senior Engineer
431576,Masamitsu,Back,1965-01-06,1993-04-12,9999-01-01,Senior Staff
431887,Poorav,Ranst,1965-01-05,1996-06-01,9999-01-01,Senior Engineer
432031,Adamantios,Matzat,1965-01-11,1987-03-01,9999-01-01,Senior Staff
432121,Alair,Straney,1965-01-06,1986-11-15,9999-01-01,Senior Staff
432665,Flemming,Driscoll,1965-01-02,1994-05-28,9999-01-01,Engineer
433059,Bojan,Montresor,1965-01-02,1995-02-04,9999-01-01,Staff
433438,Keiichiro,Miyakawa,1965-01-06,1993-09-12,9999-01-01,Senior Staff
434845,Takushi,Skogmar,1965-01-11,1985-06-07,9999-01-01,Senior Staff
435042,Brigham,Borstler,1965-01-10,1995-10-09,9999-01-01,Staff
435289,Feixiong,Schurmann,1965-01-04,1987-02-15,9999-01-01,Senior Staff
435774,Olivera,Bharadwaj,1965-01-09,1992-04-01,9999-01-01,Senior Staff
435791,Hercules,Speer,1965-01-07,1994-03-07,9999-01-01,Engineer
436558,Subir,Greibach,1965-01-08,1992-05-24,9999-01-01,Senior Engineer
437870,Kerhong,Lorho,1965-01-07,2001-03-17,9999-01-01,Staff
438038,Lena,Giaccio,1965-01-01,2001-10-03,9999-01-01,Senior Staff
439905,Kousuke,Levasseur,1965-01-03,1990-03-16,9999-01-01,Senior Staff
440325,Douadi,Sullins,1965-01-10,1999-09-25,9999-01-01,Senior Staff
440435,Sandeepan,Rosti,1965-01-03,1991-11-26,9999-01-01,Senior Engineer
440870,Filipp,Hasham,1965-01-01,1996-10-14,9999-01-01,Senior Staff
441536,Chinho,Collette,1965-01-10,1995-10-09,9999-01-01,Senior Engineer
441954,Leszek,Marchegay,1965-01-03,1999-06-13,9999-01-01,Engineer
441965,Claudi,Heijenga,1965-01-12,1988-08-30,9999-01-01,Senior Staff
442002,Ravishankar,Baig,1965-01-03,1992-03-17,9999-01-01,Senior Staff
442312,Zengping,Cusworth,1965-01-05,1991-06-07,9999-01-01,Engineer
442490,Navid,Luke,1965-01-08,1994-10-17,9999-01-01,Engineer
442653,Mona,Hebden,1965-01-04,1995-10-20,9999-01-01,Engineer
442700,Siddarth,Masada,1965-01-06,1997-08-11,9999-01-01,Staff
442898,Aksel,Gire,1965-01-07,1999-06-27,9999-01-01,Engineer
443841,Shaw,Kading,1965-01-08,1992-07-16,9999-01-01,Senior Staff
444487,Udi,Rullman,1965-01-03,1994-04-09,9999-01-01,Senior Engineer
445152,Heping,Peac,1965-01-09,1985-03-20,9999-01-01,Senior Staff
445226,Oscar,Baumann,1965-01-01,1987-01-22,9999-01-01,Engineer
445941,Masako,Dechter,1965-01-11,1985-09-25,9999-01-01,Technique Leader
446121,Fay,Cochrane,1965-01-11,1999-12-13,9999-01-01,Staff
447376,Kirk,Zongker,1965-01-07,1999-12-10,9999-01-01,Staff
447931,Martijn,Jeong,1965-01-11,1990-12-14,9999-01-01,Senior Staff
447966,Kamakshi,Hebert,1965-01-05,1997-01-17,9999-01-01,Engineer
447999,Shiv,Vilarrasa,1965-01-05,1990-08-01,9999-01-01,Engineer
448994,Haldun,Syang,1965-01-12,1997-02-11,9999-01-01,Staff
450184,Selwyn,Henseler,1965-01-11,1993-03-09,9999-01-01,Senior Engineer
450309,Gill,Orlowska,1965-01-08,1986-12-25,9999-01-01,Technique Leader
450817,DAIDA,Frolund,1965-01-10,1987-07-17,9999-01-01,Engineer
450888,Sedat,Rande,1965-01-03,1995-03-25,9999-01-01,Senior Staff
451272,Jacopo,Krohm,1965-01-02,1991-04-24,9999-01-01,Engineer
452347,Shigeichiro,Brattka,1965-01-07,1996-07-13,9999-01-01,Senior Staff
452365,Fei,Gadepally,1965-01-05,1988-11-13,9999-01-01,Assistant Engineer
452957,Alair,Nanard,1965-01-03,1996-02-10,9999-01-01,Staff
453070,Aran,Rosenbaum,1965-01-06,1991-04-25,9999-01-01,Senior Staff
453154,Gao,Lally,1965-01-03,1996-03-01,9999-01-01,Staff
453644,Berni,Takkinen,1965-01-07,1992-06-08,9999-01-01,Senior Staff
453790,Fai,Keirsey,1965-01-11,1994-10-12,9999-01-01,Engineer
454378,Gina,Ossenbruggen,1965-01-06,1998-01-03,9999-01-01,Technique Leader
454825,Kamakshi,Schusler,1965-01-02,1995-05-25,9999-01-01,Engineer
454994,Mohan,Picht,1965-01-01,1991-02-24,9999-01-01,Engineer
455284,Luisa,Baig,1965-01-09,1996-07-12,9999-01-01,Engineer
455726,Qiwen,Kriebel,1965-01-08,1987-12-13,9999-01-01,Senior Staff
455914,Peer,Angelopoulos,1965-01-01,1989-07-23,9999-01-01,Engineer
456982,Shounak,Dratva,1965-01-07,1989-01-05,9999-01-01,Engineer
457611,Indrajit,Krogh,1965-01-09,1998-09-18,9999-01-01,Engineer
458134,Thanasis,Standera,1965-01-11,1985-03-20,9999-01-01,Senior Staff
458383,Mabhin,Foote,1965-01-06,1999-04-23,9999-01-01,Engineer
460707,Yoshinari,Lanteri,1965-01-07,1996-12-25,9999-01-01,Engineer
461270,Mrinalini,Mawatari,1965-01-10,1996-01-03,9999-01-01,Staff
461801,Sumali,Cooman,1965-01-03,1993-04-18,9999-01-01,Senior Staff
462493,Paloma,Gerlach,1965-01-12,1988-07-26,9999-01-01,Engineer
462795,Somnath,Cummings,1965-01-05,1994-07-10,9999-01-01,Senior Staff
463023,Itzchak,Penn,1965-01-06,1999-01-21,9999-01-01,Staff
463212,Ramya,Rossi,1965-01-09,2001-09-02,9999-01-01,Senior Engineer
463472,Jaber,Sethi,1965-01-11,2000-06-11,9999-01-01,Technique Leader
465501,Mrinalini,Gire,1965-01-05,1992-11-09,9999-01-01,Senior Staff
465711,Lakshmi,Frijda,1965-01-06,1990-04-21,9999-01-01,Engineer
465853,Kwan,Kampfer,1965-01-01,1998-10-16,9999-01-01,Staff
465874,Herb,Picht,1965-01-12,1985-05-31,9999-01-01,Assistant Engineer
466367,Hiroyasu,Strandh,1965-01-05,1989-06-05,9999-01-01,Senior Staff
467176,Przemyslawa,Borovoy,1965-01-05,1993-06-18,9999-01-01,Senior Staff
467392,Mariusz,Rikino,1965-01-07,1995-04-13,9999-01-01,Engineer
467886,Sivanarayana,Chandrasekhar,1965-01-02,1996-01-24,9999-01-01,Senior Staff
467918,Tsuneo,Skrikant,1965-01-03,1997-10-21,9999-01-01,Staff
468360,Huei,Saoudi,1965-01-12,1994-08-10,9999-01-01,Technique Leader
469366,Aiman,Wilfing,1965-01-12,1990-12-30,9999-01-01,Engineer
469529,Neven,Rikino,1965-01-07,1988-10-21,9999-01-01,Engineer
473268,Hugo,Sgarro,1965-01-01,1992-04-24,9999-01-01,Senior Staff
473299,Khaled,Penn,1965-01-12,1992-05-19,9999-01-01,Senior Staff
473490,Pantung,Reeker,1965-01-06,1992-05-11,9999-01-01,Senior Staff
474763,Mayuko,Clouatre,1965-01-07,1997-09-04,9999-01-01,Engineer
474796,Zongyan,Shackel,1965-01-10,1987-08-17,9999-01-01,Technique Leader
475258,Fumiyo,Feinberg,1965-01-10,2000-02-12,9999-01-01,Senior Staff
475965,Rimon,Pietracaprina,1965-01-02,1985-07-10,9999-01-01,Engineer
476055,Girolamo,Schlumberger,1965-01-03,1993-03-07,9999-01-01,Senior Staff
476122,Khun,Spieker,1965-01-04,1995-05-07,9999-01-01,Engineer
476361,Doohun,Preusig,1965-01-09,1993-04-28,9999-01-01,Technique Leader
477350,Terresa,Vigier,1965-01-01,1998-07-08,9999-01-01,Staff
478007,Fumino,Narahara,1965-01-06,1991-09-21,9999-01-01,Engineer
478218,Djenana,Erol,1965-01-02,1999-12-03,9999-01-01,Engineer
478768,Arun,Katzenelson,1965-01-03,1991-10-28,9999-01-01,Engineer
479024,Ewing,Kalorkoti,1965-01-03,1996-12-21,9999-01-01,Engineer
479695,Masamitsu,Murrill,1965-01-06,1999-06-23,9999-01-01,Senior Staff
480178,Uinam,Rahier,1965-01-03,1991-02-10,9999-01-01,Senior Staff
480407,Deniz,Bennis,1965-01-01,1989-06-24,9999-01-01,Engineer
481213,Shigehiro,Haldar,1965-01-08,1991-12-14,9999-01-01,Senior Staff
482755,Jouni,Conia,1965-01-03,1994-10-31,9999-01-01,Senior Staff
483401,Rosita,Pokrovskii,1965-01-10,1996-08-03,9999-01-01,Senior Staff
483838,Sham,Kavanagh,1965-01-03,1997-12-18,9999-01-01,Assistant Engineer
484126,Manton,Lueh,1965-01-05,1989-04-07,9999-01-01,Senior Staff
484142,Perry,Cooman,1965-01-05,1987-04-23,9999-01-01,Senior Staff
485489,Keiichiro,Armand,1965-01-01,1986-12-14,9999-01-01,Assistant Engineer
486068,Yefim,Bernardeschi,1965-01-11,1996-06-26,9999-01-01,Senior Staff
486808,Geoffrey,Siochi,1965-01-05,1998-12-27,9999-01-01,Senior Engineer
486956,Matt,Ruemmler,1965-01-01,1993-10-14,9999-01-01,Engineer
486958,Tonny,Kropf,1965-01-06,1986-07-30,9999-01-01,Engineer
487988,Ekawit,Schaft,1965-01-05,1990-05-20,9999-01-01,Senior Staff
488142,Denis,Narlikar,1965-01-05,1991-07-01,9999-01-01,Senior Staff
488788,Wuxu,Garigliano,1965-01-12,1990-09-21,9999-01-01,Senior Staff
489756,Kersti,Miculan,1965-01-01,1992-06-09,9999-01-01,Senior Staff
490551,Lalit,Lindqvist,1965-01-01,1998-11-07,9999-01-01,Engineer
490568,Zita,Reistad,1965-01-01,1998-07-23,9999-01-01,Senior Engineer
491079,Kwangsub,Keirsey,1965-01-06,1992-02-04,9999-01-01,Senior Engineer
491632,Gadiel,Perly,1965-01-01,1986-10-20,9999-01-01,Senior Staff
492000,Valeska,Cools,1965-01-10,1993-12-16,9999-01-01,Senior Staff
492052,Udo,Ratnakar,1965-01-11,1999-11-30,9999-01-01,Staff
494088,Phule,Dahlbom,1965-01-10,1989-02-06,9999-01-01,Engineer
494493,Masasuke,Koprowski,1965-01-10,1996-11-20,9999-01-01,Staff
494995,Yongmao,Pouyioutas,1965-01-04,1989-08-24,9999-01-01,Senior Staff
496100,Pranjal,Reinhard,1965-01-07,1995-05-08,9999-01-01,Staff
496970,Giordano,Maquelin,1965-01-03,1999-12-31,9999-01-01,Senior Engineer
497174,Sanjiv,Bressoud,1965-01-02,1993-04-27,9999-01-01,Engineer
497340,Fayez,Keohane,1965-01-06,1990-09-19,9999-01-01,Senior Staff
498635,Florian,Pezzoli,1965-01-09,1988-07-22,9999-01-01,Senior Staff
498845,Arumugam,Pelc,1965-01-09,1999-11-13,9999-01-01,Senior Engineer
499260,Danae,Honglei,1965-01-11,1998-09-14,9999-01-01,Engineer
